from_id,to_id,relation
AOS-DOCS-002,AOS-DOCS-001,related
AOS-DOCS-003,AOS-DOCS-001,related
AOS-DOCS-004,AOS-DOCS-001,related
AOS-DOCS-005,AOS-DOCS-003,related
AOS-DOCS-005,AOS-DOCS-004,related
AOS-DOCS-006,AOS-DOCS-001,blocked_by
AOS-DOCS-006,AOS-DOCS-003,related
AOS-DOCS-007,AOS-DOCS-002,related
AOS-DOCS-007,AOS-DOCS-006,related
AOS-DOCS-008,AOS-DOCS-006,related
AOS-DOCS-009,AOS-DOCS-005,related
AOS-DOCS-009,AOS-DOCS-008,related
AOS-DOCS-010,AOS-DOCS-003,related
AOS-DOCS-010,AOS-DOCS-008,related
AOS-DOCS-010,AOS-DOCS-009,related
AOS-DOCS-011,AOS-DOCS-002,blocked_by
AOS-DOCS-011,AOS-DOCS-007,related
AOS-DOCS-011,AOS-DOCS-010,related
AOS-DOCS-012,AOS-DOCS-004,blocked_by
AOS-DOCS-012,AOS-DOCS-005,blocked_by
AOS-DOCS-012,AOS-DOCS-006,blocked_by
AOS-DOCS-012,AOS-DOCS-007,blocked_by
AOS-DOCS-012,AOS-DOCS-011,blocked_by
AOS-DOCS-013,AOS-DOCS-012,blocked_by
AOS-DOCS-021,AOS-DOCS-020,related
AOS-DOCS-022,AOS-DOCS-020,related
AOS-DOCS-022,AOS-DOCS-021,related
AOS-DOCS-023,AOS-DOCS-002,related
AOS-DOCS-024,AOS-DOCS-022,related
AOS-DOCS-025,AOS-DOCS-024,related
AOS-DOCS-026,AOS-DOCS-024,related
AOS-DOCS-027,AOS-DOCS-023,related
AOS-DOCS-028,AOS-DOCS-023,related
AOS-DOCS-029,AOS-DOCS-025,related
AOS-DOCS-030,AOS-DOCS-020,related
AOS-DOCS-031,AOS-DOCS-023,related
AOS-DOCS-031,AOS-DOCS-029,related
AOS-DOCS-031,AOS-DOCS-030,related
AOS-DOCS-032,AOS-DOCS-029,related
AOS-DOCS-033,AOS-DOCS-021,related
AOS-DOCS-033,AOS-DOCS-023,related
AOS-DOCS-034,AOS-DOCS-022,related
AOS-DOCS-035,AOS-DOCS-025,related
AOS-CORE-001,AOS-DOCS-012,related
AOS-CORE-002,AOS-DOCS-001,related
AOS-CORE-002,AOS-LEGAL-012,related
AOS-CORE-010,AOS-CORE-002,related
AOS-CORE-010,AOS-CORE-001,related
AOS-CORE-011,AOS-CORE-002,blocked_by
AOS-CORE-011,AOS-CORE-010,related
AOS-CORE-012,AOS-CORE-010,related
AOS-CORE-013,AOS-CORE-012,related
AOS-CORE-014,AOS-CORE-013,related
AOS-CORE-015,AOS-CORE-014,related
AOS-CORE-015,AOS-CORE-016,related
AOS-CORE-016,AOS-CORE-010,related
AOS-CORE-016,AOS-CORE-011,related
AOS-CORE-017,AOS-CORE-001,blocked_by
AOS-CORE-017,AOS-CORE-013,related
AOS-CORE-018,AOS-CORE-015,related
AOS-CORE-018,AOS-CORE-017,related
AOS-CORE-020,AOS-CORE-014,related
AOS-CORE-020,AOS-CORE-018,related
AOS-CORE-021,AOS-CORE-016,related
AOS-CORE-021,AOS-CORE-017,related
AOS-CORE-022,AOS-CORE-018,related
AOS-CORE-022,AOS-CORE-021,related
AOS-CORE-023,AOS-CORE-021,related
AOS-CORE-023,AOS-CORE-022,related
AOS-CORE-030,AOS-CORE-017,related
AOS-CORE-030,AOS-CORE-018,related
AOS-CORE-031,AOS-CORE-030,related
AOS-CORE-031,AOS-CORE-023,related
AOS-CORE-032,AOS-CORE-030,related
AOS-CORE-032,AOS-CORE-031,related
AOS-CORE-033,AOS-CORE-021,blocked_by
AOS-CORE-033,AOS-CORE-031,related
AOS-CORE-034,AOS-CORE-018,blocked_by
AOS-CORE-034,AOS-CORE-030,blocked_by
AOS-CORE-034,AOS-CORE-022,related
AOS-CORE-035,AOS-CORE-022,blocked_by
AOS-CORE-035,AOS-CORE-023,blocked_by
AOS-CORE-035,AOS-CORE-034,related
AOS-CORE-036,AOS-CORE-022,blocked_by
AOS-CORE-036,AOS-CORE-031,blocked_by
AOS-CORE-036,AOS-CORE-033,related
AOS-CORE-037,AOS-CORE-014,blocked_by
AOS-CORE-037,AOS-CORE-030,blocked_by
AOS-CORE-037,AOS-CORE-035,related
AOS-CORE-038,AOS-CORE-016,blocked_by
AOS-CORE-038,AOS-CORE-018,related
AOS-CORE-038,AOS-CORE-034,related
AOS-CORE-039,AOS-CORE-020,blocked_by
AOS-CORE-039,AOS-CORE-038,blocked_by
AOS-CORE-039,AOS-CORE-032,related
AOS-CORE-039,AOS-CORE-034,related
AOS-CORE-040,AOS-CORE-032,blocked_by
AOS-CORE-040,AOS-CORE-033,blocked_by
AOS-CORE-040,AOS-CORE-034,blocked_by
AOS-CORE-040,AOS-CORE-036,blocked_by
AOS-CORE-040,AOS-CORE-039,related
AOS-CORE-040,AOS-PLAT-012,related
AOS-PLAT-001,AOS-CORE-001,related
AOS-PLAT-001,AOS-DOCS-012,related
AOS-PLAT-002,AOS-PLAT-001,blocked_by
AOS-PLAT-002,AOS-CORE-031,related
AOS-PLAT-003,AOS-PLAT-002,related
AOS-PLAT-003,AOS-CORE-031,related
AOS-PLAT-004,AOS-PLAT-002,blocked_by
AOS-PLAT-004,AOS-DOCS-007,blocked_by
AOS-PLAT-010,AOS-CORE-018,blocked_by
AOS-PLAT-010,AOS-CORE-031,related
AOS-PLAT-010,AOS-CORE-034,related
AOS-PLAT-010,AOS-PLAT-003,related
AOS-PLAT-011,AOS-CORE-038,blocked_by
AOS-PLAT-011,AOS-PLAT-010,related
AOS-PLAT-012,AOS-PLAT-003,blocked_by
AOS-PLAT-012,AOS-PLAT-010,related
AOS-PLAT-012,AOS-PLAT-011,related
AOS-PLAT-012,AOS-CORE-032,related
AOS-PLAT-013,AOS-CORE-021,blocked_by
AOS-PLAT-013,AOS-PLAT-010,related
AOS-PLAT-013,AOS-SEC-021,related
AOS-PLAT-014,AOS-PLAT-004,blocked_by
AOS-PLAT-014,AOS-PLAT-010,related
AOS-PLAT-014,AOS-LEGAL-012,related
AOS-PLAT-015,AOS-PLAT-010,blocked_by
AOS-PLAT-015,AOS-PLAT-013,related
AOS-PLAT-015,AOS-PLAT-014,related
AOS-PLAT-015,AOS-SEC-030,related
AOS-PLAT-020,AOS-PLAT-001,blocked_by
AOS-PLAT-020,AOS-CORE-012,blocked_by
AOS-PLAT-020,AOS-CORE-037,related
AOS-PLAT-021,AOS-PLAT-020,related
AOS-PLAT-021,AOS-PLAT-010,related
AOS-PLAT-021,AOS-CORE-037,related
AOS-PLAT-022,AOS-PLAT-020,blocked_by
AOS-PLAT-022,AOS-PLAT-021,related
AOS-PLAT-023,AOS-CORE-033,blocked_by
AOS-PLAT-023,AOS-PLAT-021,related
AOS-PLAT-023,AOS-CORE-037,related
AOS-PLAT-024,AOS-PLAT-022,related
AOS-PLAT-024,AOS-PLAT-023,related
AOS-PLAT-030,AOS-PLAT-021,blocked_by
AOS-PLAT-030,AOS-PLAT-010,blocked_by
AOS-PLAT-030,AOS-PLAT-024,related
AOS-PLAT-031,AOS-PLAT-023,related
AOS-PLAT-031,AOS-PLAT-024,related
AOS-PLAT-032,AOS-PLAT-013,blocked_by
AOS-PLAT-032,AOS-PLAT-031,related
AOS-PLAT-033,AOS-PLAT-010,blocked_by
AOS-PLAT-033,AOS-PLAT-013,blocked_by
AOS-PLAT-033,AOS-PLAT-023,related
AOS-PLAT-034,AOS-PLAT-022,blocked_by
AOS-PLAT-034,AOS-PLAT-024,blocked_by
AOS-PLAT-034,AOS-PLAT-023,related
AOS-PLAT-035,AOS-PLAT-013,blocked_by
AOS-PLAT-035,AOS-PLAT-024,blocked_by
AOS-PLAT-035,AOS-PLAT-034,related
AOS-PLAT-036,AOS-PLAT-023,blocked_by
AOS-PLAT-036,AOS-PLAT-024,blocked_by
AOS-PLAT-036,AOS-PLAT-013,blocked_by
AOS-PLAT-037,AOS-PLAT-023,related
AOS-PLAT-037,AOS-PLAT-024,related
AOS-PLAT-037,AOS-CORE-037,related
AOS-PLAT-038,AOS-CORE-037,blocked_by
AOS-PLAT-038,AOS-PLAT-037,related
AOS-PLAT-039,AOS-PLAT-002,blocked_by
AOS-PLAT-039,AOS-PLAT-024,related
AOS-PLAT-039,AOS-PLAT-035,related
AOS-PLAT-040,AOS-PLAT-002,blocked_by
AOS-PLAT-040,AOS-PLAT-024,blocked_by
AOS-PLAT-040,AOS-PLAT-033,related
AOS-PLAT-040,AOS-PLAT-036,related
AOS-PLAT-041,AOS-PLAT-013,blocked_by
AOS-PLAT-041,AOS-CORE-022,blocked_by
AOS-PLAT-041,AOS-PLAT-024,related
AOS-PLAT-050,AOS-PLAT-014,blocked_by
AOS-PLAT-050,AOS-SEC-060,blocked_by
AOS-PLAT-050,AOS-PLAT-032,related
AOS-PLAT-051,AOS-PLAT-015,blocked_by
AOS-PLAT-051,AOS-SEC-030,blocked_by
AOS-PLAT-051,AOS-PLAT-050,related
AOS-PLAT-051,AOS-SEC-032,related
AOS-PLAT-052,AOS-PLAT-015,blocked_by
AOS-PLAT-052,AOS-PLAT-031,blocked_by
AOS-PLAT-052,AOS-SEC-041,related
AOS-PLAT-060,AOS-PLAT-011,blocked_by
AOS-PLAT-060,AOS-PLAT-013,blocked_by
AOS-PLAT-060,AOS-PLAT-041,related
AOS-PLAT-070,AOS-PLAT-003,blocked_by
AOS-PLAT-070,AOS-PLAT-020,related
AOS-PLAT-070,AOS-PLAT-024,related
AOS-PLAT-080,AOS-OPEN-020,blocked_by
AOS-PLAT-080,AOS-PLAT-070,related
AOS-PLAT-080,AOS-PLAT-030,related
AOS-PLAT-081,AOS-LEGAL-005,blocked_by
AOS-PLAT-081,AOS-PLAT-060,related
AOS-PLAT-081,AOS-PLAT-070,related
AOS-PLAT-090,AOS-PLAT-003,blocked_by
AOS-PLAT-090,AOS-PLAT-014,blocked_by
AOS-PLAT-090,AOS-PLAT-070,blocked_by
AOS-PLAT-090,AOS-CORE-038,blocked_by
AOS-PROD-001,AOS-DOCS-012,blocked_by
AOS-PROD-001,AOS-PLAT-002,related
AOS-PROD-002,AOS-PROD-001,related
AOS-PROD-002,AOS-PLAT-013,related
AOS-PROD-003,AOS-PROD-001,blocked_by
AOS-PROD-003,AOS-PLAT-032,related
AOS-PROD-003,AOS-CORE-034,related
AOS-PROD-010,AOS-PROD-001,related
AOS-PROD-010,AOS-PLAT-002,related
AOS-PROD-010,AOS-CORE-032,related
AOS-PROD-011,AOS-PROD-010,blocked_by
AOS-PROD-011,AOS-PLAT-014,blocked_by
AOS-PROD-011,AOS-PLAT-050,related
AOS-PROD-012,AOS-PROD-010,blocked_by
AOS-PROD-012,AOS-PLAT-010,related
AOS-PROD-012,AOS-PROD-020,related
AOS-PROD-013,AOS-PROD-011,related
AOS-PROD-013,AOS-PROD-012,related
AOS-PROD-020,AOS-PROD-001,blocked_by
AOS-PROD-020,AOS-PLAT-032,related
AOS-PROD-020,AOS-SEC-022,related
AOS-PROD-021,AOS-PROD-020,related
AOS-PROD-021,AOS-PROD-003,related
AOS-PROD-030,AOS-PROD-001,blocked_by
AOS-PROD-030,AOS-PROD-020,related
AOS-PROD-030,AOS-PROD-021,related
AOS-PROD-031,AOS-PROD-030,blocked_by
AOS-PROD-031,AOS-SEC-022,related
AOS-PROD-031,AOS-PLAT-033,related
AOS-PROD-040,AOS-PROD-020,blocked_by
AOS-PROD-040,AOS-PLAT-035,related
AOS-PROD-040,AOS-SEC-051,related
AOS-PROD-041,AOS-PROD-020,blocked_by
AOS-PROD-041,AOS-PROD-021,blocked_by
AOS-PROD-041,AOS-PROD-040,related
AOS-PROD-050,AOS-PLAT-037,related
AOS-PROD-050,AOS-PLAT-035,related
AOS-PROD-050,AOS-PROD-003,related
AOS-PROD-050,AOS-PROD-012,related
AOS-PROD-050,AOS-PROD-021,related
AOS-PROD-051,AOS-PROD-010,blocked_by
AOS-PROD-051,AOS-PROD-013,related
AOS-PROD-051,AOS-PROD-050,related
AOS-PROD-051,AOS-PROD-071,related
AOS-PROD-052,AOS-PROD-011,blocked_by
AOS-PROD-052,AOS-CORE-034,blocked_by
AOS-PROD-052,AOS-PROD-050,related
AOS-PROD-052,AOS-PLAT-041,related
AOS-PROD-053,AOS-PROD-010,blocked_by
AOS-PROD-053,AOS-PROD-020,blocked_by
AOS-PROD-053,AOS-PROD-050,related
AOS-PROD-053,AOS-PLAT-035,related
AOS-PROD-060,AOS-PROD-031,blocked_by
AOS-PROD-060,AOS-PROD-061,blocked_by
AOS-PROD-060,AOS-PLAT-052,blocked_by
AOS-PROD-060,AOS-SEC-022,blocked_by
AOS-PROD-061,AOS-PROD-020,blocked_by
AOS-PROD-061,AOS-PROD-003,blocked_by
AOS-PROD-061,AOS-SEC-022,blocked_by
AOS-PROD-061,AOS-PLAT-032,related
AOS-PROD-070,AOS-PROD-050,related
AOS-PROD-070,AOS-PLAT-035,related
AOS-PROD-071,AOS-PLAT-035,related
AOS-PROD-071,AOS-PROD-070,related
AOS-PROD-080,AOS-PROD-050,blocked_by
AOS-PROD-080,AOS-PROD-041,blocked_by
AOS-PROD-080,AOS-LEGAL-008,blocked_by
AOS-PROD-090,AOS-PROD-051,blocked_by
AOS-PROD-090,AOS-LEGAL-008,blocked_by
AOS-PROD-100,AOS-PROD-010,blocked_by
AOS-PROD-100,AOS-PROD-020,blocked_by
AOS-PROD-100,AOS-LEGAL-008,blocked_by
AOS-PROD-100,AOS-PROD-051,related
AOS-PROD-100,AOS-SEC-070,related
AOS-PROD-101,AOS-PROD-100,blocked_by
AOS-PROD-101,AOS-PROD-012,blocked_by
AOS-PROD-101,AOS-CORE-034,blocked_by
AOS-PROD-101,AOS-PLAT-041,blocked_by
AOS-PROD-101,AOS-SEC-070,blocked_by
AOS-PROD-110,AOS-PROD-050,blocked_by
AOS-PROD-110,AOS-PROD-053,related
AOS-PROD-110,AOS-PROD-061,related
AOS-PROD-110,AOS-PROD-070,related
AOS-PROD-110,AOS-PLAT-090,related
AOS-OPEN-001,AOS-DOCS-004,related
AOS-OPEN-001,AOS-LEGAL-004,related
AOS-OPEN-002,AOS-OPEN-001,related
AOS-OPEN-002,AOS-DOCS-009,related
AOS-OPEN-003,AOS-OPEN-001,related
AOS-OPEN-003,AOS-DOCS-009,related
AOS-OPEN-003,AOS-LEGAL-006,related
AOS-OPEN-010,AOS-CORE-010,blocked_by
AOS-OPEN-010,AOS-CORE-011,blocked_by
AOS-OPEN-010,AOS-PLAT-070,related
AOS-OPEN-020,AOS-OPEN-002,blocked_by
AOS-OPEN-020,AOS-OPEN-003,blocked_by
AOS-OPEN-020,AOS-CORE-012,blocked_by
AOS-OPEN-020,AOS-PLAT-020,related
AOS-OPEN-021,AOS-OPEN-020,related
AOS-OPEN-021,AOS-PLAT-031,related
AOS-OPEN-021,AOS-PLAT-033,related
AOS-OPEN-021,AOS-PLAT-034,related
AOS-OPEN-022,AOS-OPEN-020,related
AOS-OPEN-022,AOS-PLAT-037,related
AOS-OPEN-022,AOS-PLAT-035,related
AOS-OPEN-022,AOS-PROD-050,related
AOS-OPEN-023,AOS-OPEN-002,blocked_by
AOS-OPEN-023,AOS-OPEN-020,related
AOS-OPEN-023,AOS-PLAT-041,related
AOS-OPEN-030,AOS-OPEN-020,blocked_by
AOS-OPEN-030,AOS-PLAT-080,related
AOS-OPEN-031,AOS-OPEN-003,blocked_by
AOS-OPEN-031,AOS-PLAT-020,blocked_by
AOS-OPEN-031,AOS-CAM-001,blocked_by
AOS-OPEN-031,AOS-OPEN-020,related
AOS-OPEN-032,AOS-OPEN-003,blocked_by
AOS-OPEN-032,AOS-OPEN-020,blocked_by
AOS-OPEN-032,AOS-CAM-001,blocked_by
AOS-OPEN-040,AOS-OPEN-003,blocked_by
AOS-OPEN-040,AOS-CAM-001,related
AOS-OPEN-040,AOS-CAM-002,related
AOS-OPEN-050,AOS-OPEN-002,blocked_by
AOS-OPEN-050,AOS-OPEN-003,blocked_by
AOS-OPEN-050,AOS-CORE-012,blocked_by
AOS-OPEN-050,AOS-PLAT-020,blocked_by
AOS-OPEN-050,AOS-LEGAL-006,blocked_by
AOS-OPEN-051,AOS-PLAT-021,blocked_by
AOS-OPEN-051,AOS-PLAT-024,blocked_by
AOS-OPEN-051,AOS-OPEN-050,related
AOS-OPEN-052,AOS-PLAT-036,blocked_by
AOS-OPEN-052,AOS-PLAT-037,blocked_by
AOS-OPEN-052,AOS-PROD-050,blocked_by
AOS-OPEN-052,AOS-OPEN-051,related
AOS-OPEN-053,AOS-PLAT-041,blocked_by
AOS-OPEN-053,AOS-OPEN-051,related
AOS-OPEN-053,AOS-PLAT-033,related
AOS-OPEN-054,AOS-PLAT-013,blocked_by
AOS-OPEN-054,AOS-OPEN-051,related
AOS-OPEN-055,AOS-PLAT-041,blocked_by
AOS-OPEN-055,AOS-OPEN-002,blocked_by
AOS-OPEN-055,AOS-OPEN-051,related
AOS-OPEN-056,AOS-OPEN-050,blocked_by
AOS-OPEN-056,AOS-PLAT-052,blocked_by
AOS-OPEN-056,AOS-SEC-041,blocked_by
AOS-OPEN-056,AOS-PLAT-051,related
AOS-OPEN-057,AOS-PLAT-040,blocked_by
AOS-OPEN-057,AOS-OPEN-051,related
AOS-OPEN-057,AOS-CELL-020,related
AOS-OPEN-060,AOS-OPEN-030,blocked_by
AOS-OPEN-060,AOS-PLAT-090,blocked_by
AOS-OPEN-060,AOS-COMM-050,blocked_by
AOS-OPEN-070,AOS-LEGAL-006,blocked_by
AOS-OPEN-070,AOS-OPEN-001,blocked_by
AOS-OPEN-070,AOS-OPEN-003,blocked_by
AOS-OPEN-071,AOS-LEGAL-006,blocked_by
AOS-OPEN-071,AOS-OPEN-001,blocked_by
AOS-OPEN-072,AOS-OPEN-001,blocked_by
AOS-OPEN-072,AOS-LEGAL-006,blocked_by
AOS-OPEN-080,AOS-OPEN-030,blocked_by
AOS-OPEN-080,AOS-OPEN-055,blocked_by
AOS-OPEN-080,AOS-OPEN-070,blocked_by
AOS-OPEN-080,AOS-OPEN-071,blocked_by
AOS-OPEN-080,AOS-P9-070,related
AOS-OPEN-096,AOS-OPEN-090,related
AOS-OPEN-096,AOS-OPEN-091,related
AOS-OPEN-096,AOS-OPEN-092,related
AOS-OPEN-096,AOS-OPEN-093,related
AOS-CAM-001,AOS-DOCS-004,blocked_by
AOS-CAM-002,AOS-OPEN-002,blocked_by
AOS-CAM-002,AOS-OPEN-003,blocked_by
AOS-CAM-002,AOS-CAM-001,related
AOS-CAM-010,AOS-CAM-001,blocked_by
AOS-CAM-010,AOS-PLAT-039,related
AOS-CAM-011,AOS-CAM-002,blocked_by
AOS-CAM-011,AOS-PLAT-039,related
AOS-CAM-011,AOS-CAM-010,related
AOS-CAM-012,AOS-PLAT-024,blocked_by
AOS-CAM-012,AOS-CAM-010,related
AOS-CAM-012,AOS-PLAT-023,related
AOS-CAM-020,AOS-CAM-011,related
AOS-CAM-020,AOS-CAM-012,related
AOS-CAM-020,AOS-OPEN-031,related
AOS-CAM-021,AOS-CAM-011,blocked_by
AOS-CAM-021,AOS-CAM-020,related
AOS-CAM-022,AOS-PLAT-013,blocked_by
AOS-CAM-022,AOS-PLAT-013,related
AOS-CAM-022,AOS-CAM-020,related
AOS-CAM-022,AOS-OPEN-054,related
AOS-CAM-030,AOS-CAM-001,blocked_by
AOS-CAM-030,AOS-CAM-012,related
AOS-CAM-030,AOS-CAM-020,related
AOS-CAM-031,AOS-CAM-011,blocked_by
AOS-CAM-031,AOS-CAM-011,related
AOS-CAM-031,AOS-CAM-030,related
AOS-CAM-032,AOS-CAM-002,blocked_by
AOS-CAM-032,AOS-CAM-001,related
AOS-CAM-032,AOS-CAM-030,related
AOS-CAM-040,AOS-CAM-002,blocked_by
AOS-CAM-040,AOS-CAM-011,related
AOS-CAM-040,AOS-CAM-020,related
AOS-CAM-040,AOS-CAM-032,related
AOS-CAM-041,AOS-CAM-001,blocked_by
AOS-CAM-041,AOS-CAM-002,blocked_by
AOS-CAM-041,AOS-P9-020,blocked_by
AOS-CAM-041,AOS-CAM-040,related
AOS-CAM-042,AOS-CAM-022,blocked_by
AOS-CAM-042,AOS-PLAT-036,blocked_by
AOS-CAM-042,AOS-PLAT-036,related
AOS-CAM-042,AOS-CAM-031,related
AOS-CAM-042,AOS-CAM-032,related
AOS-CAM-050,AOS-CAM-022,blocked_by
AOS-CAM-050,AOS-LEGAL-004,blocked_by
AOS-CAM-050,AOS-CAM-040,related
AOS-CAM-050,AOS-CAM-041,related
AOS-CAM-051,AOS-CAM-032,blocked_by
AOS-CAM-051,AOS-CAM-001,related
AOS-CAM-051,AOS-CAM-050,related
AOS-CAM-052,AOS-CAM-041,blocked_by
AOS-CAM-052,AOS-CAM-001,related
AOS-CAM-052,AOS-CAM-050,related
AOS-CAM-053,AOS-CAM-041,blocked_by
AOS-CAM-053,AOS-SEC-061,blocked_by
AOS-CAM-060,AOS-CAM-020,blocked_by
AOS-CAM-060,AOS-CAM-040,blocked_by
AOS-CAM-060,AOS-OPEN-032,blocked_by
AOS-CAM-061,AOS-CAM-041,blocked_by
AOS-CAM-061,AOS-PLAT-041,blocked_by
AOS-CAM-061,AOS-CAM-042,related
AOS-CAM-061,AOS-CAM-050,related
AOS-CAM-070,AOS-CAM-010,blocked_by
AOS-CAM-070,AOS-CAM-001,blocked_by
AOS-CAM-070,AOS-LEGAL-011,blocked_by
AOS-CAM-070,AOS-ODM-011,related
AOS-CAM-071,AOS-CAM-070,blocked_by
AOS-CAM-071,AOS-CAM-041,blocked_by
AOS-CAM-071,AOS-CAM-061,blocked_by
AOS-CAM-071,AOS-LEGAL-011,blocked_by
AOS-CAM-080,AOS-CAM-060,blocked_by
AOS-CAM-080,AOS-CAM-061,blocked_by
AOS-CAM-080,AOS-CAM-071,blocked_by
AOS-CAM-080,AOS-P9-020,blocked_by
AOS-CELL-001,AOS-DOCS-005,blocked_by
AOS-CELL-001,AOS-PLAT-001,blocked_by
AOS-CELL-001,AOS-PLAT-040,related
AOS-CELL-002,AOS-OPEN-003,blocked_by
AOS-CELL-002,AOS-CELL-001,related
AOS-CELL-002,AOS-LEGAL-011,related
AOS-CELL-003,AOS-CELL-002,blocked_by
AOS-CELL-003,AOS-OPEN-002,blocked_by
AOS-CELL-003,AOS-LEGAL-010,related
AOS-CELL-010,AOS-CELL-002,blocked_by
AOS-CELL-010,AOS-PLAT-034,related
AOS-CELL-010,AOS-PLAT-024,related
AOS-CELL-020,AOS-LEGAL-005,blocked_by
AOS-CELL-020,AOS-PLAT-040,related
AOS-CELL-020,AOS-CELL-010,related
AOS-CELL-021,AOS-PLAT-024,related
AOS-CELL-021,AOS-CELL-020,related
AOS-CELL-021,AOS-CELL-022,related
AOS-CELL-021,AOS-PLAT-041,related
AOS-CELL-022,AOS-CELL-010,related
AOS-CELL-022,AOS-SEC-022,related
AOS-CELL-030,AOS-PROD-012,blocked_by
AOS-CELL-030,AOS-CELL-003,blocked_by
AOS-CELL-030,AOS-CELL-021,related
AOS-CELL-030,AOS-PLAT-033,related
AOS-CELL-031,AOS-CELL-021,blocked_by
AOS-CELL-031,AOS-PLAT-041,blocked_by
AOS-CELL-031,AOS-CELL-030,related
AOS-CELL-040,AOS-CELL-001,blocked_by
AOS-CELL-040,AOS-CELL-022,blocked_by
AOS-CELL-040,AOS-LEGAL-010,blocked_by
AOS-CELL-040,AOS-LEGAL-011,blocked_by
AOS-CELL-041,AOS-CELL-020,blocked_by
AOS-CELL-041,AOS-PLAT-013,blocked_by
AOS-CELL-041,AOS-OPEN-054,related
AOS-CELL-042,AOS-CELL-001,blocked_by
AOS-CELL-042,AOS-LEGAL-010,blocked_by
AOS-CELL-042,AOS-CELL-003,blocked_by
AOS-CELL-050,AOS-CELL-042,blocked_by
AOS-CELL-050,AOS-LEGAL-010,blocked_by
AOS-CELL-050,AOS-LEGAL-011,blocked_by
AOS-CELL-050,AOS-CELL-060,blocked_by
AOS-CELL-050,AOS-CELL-040,related
AOS-CELL-051,AOS-PLAT-036,blocked_by
AOS-CELL-051,AOS-PLAT-036,related
AOS-CELL-051,AOS-CELL-050,related
AOS-CELL-052,AOS-CELL-002,blocked_by
AOS-CELL-052,AOS-LEGAL-010,blocked_by
AOS-CELL-052,AOS-CELL-050,related
AOS-CELL-060,AOS-LEGAL-011,blocked_by
AOS-CELL-060,AOS-CELL-002,related
AOS-CELL-070,AOS-PROD-012,blocked_by
AOS-CELL-070,AOS-PROD-050,blocked_by
AOS-CELL-070,AOS-CELL-030,related
AOS-CELL-070,AOS-OPEN-057,related
AOS-CELL-080,AOS-CELL-031,blocked_by
AOS-CELL-080,AOS-CELL-040,blocked_by
AOS-CELL-080,AOS-CELL-050,blocked_by
AOS-CELL-080,AOS-CELL-052,blocked_by
AOS-CELL-080,AOS-LEGAL-013,blocked_by
AOS-P9-001,AOS-OPEN-001,related
AOS-P9-001,AOS-DOCS-004,related
AOS-P9-001,AOS-LEGAL-005,related
AOS-P9-010,AOS-P9-001,related
AOS-P9-010,AOS-OPEN-003,related
AOS-P9-010,AOS-LEGAL-006,related
AOS-P9-011,AOS-P9-010,related
AOS-P9-011,AOS-P9-001,related
AOS-P9-015,AOS-DOCS-007,blocked_by
AOS-P9-015,AOS-P9-001,related
AOS-P9-015,AOS-PLAT-001,related
AOS-P9-020,AOS-OPEN-002,blocked_by
AOS-P9-020,AOS-P9-010,related
AOS-P9-020,AOS-CAM-001,related
AOS-P9-020,AOS-LEGAL-008,related
AOS-P9-021,AOS-LEGAL-007,blocked_by
AOS-P9-021,AOS-PLAT-081,related
AOS-P9-021,AOS-P9-011,related
AOS-P9-022,AOS-P9-015,related
AOS-P9-022,AOS-P9-021,related
AOS-P9-022,AOS-PLAT-039,related
AOS-P9-022,AOS-PLAT-040,related
AOS-P9-030,AOS-P9-010,blocked_by
AOS-P9-030,AOS-P9-011,blocked_by
AOS-P9-030,AOS-LEGAL-007,blocked_by
AOS-P9-030,AOS-CORE-012,blocked_by
AOS-P9-031,AOS-CORE-037,blocked_by
AOS-P9-031,AOS-PLAT-020,blocked_by
AOS-P9-031,AOS-P9-030,related
AOS-P9-040,AOS-PLAT-031,blocked_by
AOS-P9-040,AOS-P9-031,related
AOS-P9-040,AOS-PLAT-034,related
AOS-P9-040,AOS-PLAT-037,related
AOS-P9-040,AOS-PLAT-035,related
AOS-P9-041,AOS-P9-031,related
AOS-P9-041,AOS-PLAT-036,related
AOS-P9-041,AOS-PLAT-041,related
AOS-P9-050,AOS-PLAT-041,blocked_by
AOS-P9-050,AOS-LEGAL-007,blocked_by
AOS-P9-050,AOS-P9-040,related
AOS-P9-050,AOS-PLAT-038,related
AOS-P9-051,AOS-P9-020,blocked_by
AOS-P9-051,AOS-CAM-010,blocked_by
AOS-P9-051,AOS-LEGAL-007,blocked_by
AOS-P9-051,AOS-P9-031,related
AOS-P9-051,AOS-CAM-041,related
AOS-P9-052,AOS-CELL-001,blocked_by
AOS-P9-052,AOS-SEC-030,blocked_by
AOS-P9-052,AOS-LEGAL-007,blocked_by
AOS-P9-052,AOS-LEGAL-010,blocked_by
AOS-P9-052,AOS-P9-031,related
AOS-P9-060,AOS-P9-021,blocked_by
AOS-P9-060,AOS-P9-030,blocked_by
AOS-P9-060,AOS-P9-040,blocked_by
AOS-P9-060,AOS-P9-015,related
AOS-P9-060,AOS-P9-050,related
AOS-P9-060,AOS-P9-051,related
AOS-P9-060,AOS-P9-052,related
AOS-P9-070,AOS-P9-050,blocked_by
AOS-P9-070,AOS-P9-051,blocked_by
AOS-P9-070,AOS-P9-052,blocked_by
AOS-P9-070,AOS-OPEN-030,blocked_by
AOS-P9-070,AOS-P9-060,related
AOS-P9-080,AOS-P9-015,blocked_by
AOS-P9-080,AOS-P9-070,related
AOS-P9-096,AOS-P9-091,related
AOS-P9-096,AOS-P9-092,related
AOS-P9-096,AOS-P9-093,related
AOS-P9-096,AOS-P9-094,related
AOS-P9-096,AOS-P9-095,related
AOS-SEC-001,AOS-DOCS-012,related
AOS-SEC-001,AOS-LEGAL-001,related
AOS-SEC-002,AOS-SEC-001,related
AOS-SEC-002,AOS-PLAT-001,related
AOS-SEC-002,AOS-CORE-001,related
AOS-SEC-010,AOS-SEC-001,blocked_by
AOS-SEC-010,AOS-CORE-032,related
AOS-SEC-010,AOS-CORE-036,related
AOS-SEC-011,AOS-PLAT-003,blocked_by
AOS-SEC-011,AOS-CORE-039,related
AOS-SEC-011,AOS-PLAT-014,related
AOS-SEC-012,AOS-CORE-001,blocked_by
AOS-SEC-012,AOS-CORE-032,blocked_by
AOS-SEC-012,AOS-SEC-010,related
AOS-SEC-020,AOS-SEC-001,blocked_by
AOS-SEC-020,AOS-LEGAL-004,blocked_by
AOS-SEC-021,AOS-CORE-010,blocked_by
AOS-SEC-021,AOS-PLAT-013,related
AOS-SEC-021,AOS-SEC-020,related
AOS-SEC-021,AOS-OPEN-020,related
AOS-SEC-022,AOS-SEC-020,blocked_by
AOS-SEC-022,AOS-PROD-001,blocked_by
AOS-SEC-022,AOS-SEC-021,related
AOS-SEC-030,AOS-SEC-020,blocked_by
AOS-SEC-030,AOS-CORE-012,blocked_by
AOS-SEC-030,AOS-PLAT-015,related
AOS-SEC-031,AOS-SEC-030,blocked_by
AOS-SEC-031,AOS-LEGAL-008,blocked_by
AOS-SEC-031,AOS-SEC-022,related
AOS-SEC-032,AOS-PLAT-004,blocked_by
AOS-SEC-032,AOS-SEC-030,related
AOS-SEC-032,AOS-SEC-022,related
AOS-SEC-040,AOS-SEC-032,blocked_by
AOS-SEC-040,AOS-LEGAL-012,blocked_by
AOS-SEC-040,AOS-PLAT-050,related
AOS-SEC-040,AOS-PLAT-051,related
AOS-SEC-041,AOS-SEC-030,blocked_by
AOS-SEC-041,AOS-SEC-022,blocked_by
AOS-SEC-041,AOS-PLAT-052,related
AOS-SEC-050,AOS-SEC-001,blocked_by
AOS-SEC-050,AOS-PROD-001,blocked_by
AOS-SEC-050,AOS-PROD-010,blocked_by
AOS-SEC-050,AOS-LEGAL-008,related
AOS-SEC-051,AOS-LEGAL-004,blocked_by
AOS-SEC-051,AOS-PLAT-011,related
AOS-SEC-051,AOS-SEC-050,related
AOS-SEC-060,AOS-SEC-020,blocked_by
AOS-SEC-060,AOS-LEGAL-012,blocked_by
AOS-SEC-060,AOS-PLAT-014,related
AOS-SEC-061,AOS-DOCS-001,blocked_by
AOS-SEC-061,AOS-SEC-060,related
AOS-SEC-070,AOS-PROD-010,blocked_by
AOS-SEC-070,AOS-SEC-050,blocked_by
AOS-SEC-070,AOS-CORE-034,blocked_by
AOS-SEC-070,AOS-PROD-100,related
AOS-SEC-080,AOS-CORE-040,blocked_by
AOS-SEC-080,AOS-SEC-010,blocked_by
AOS-SEC-080,AOS-SEC-040,blocked_by
AOS-SEC-080,AOS-SEC-041,blocked_by
AOS-SEC-080,AOS-PLAT-080,blocked_by
AOS-SEC-090,AOS-PLAT-051,related
AOS-SEC-090,AOS-SEC-061,related
AOS-SEC-100,AOS-SEC-012,blocked_by
AOS-SEC-100,AOS-SEC-080,related
AOS-SEC-100,AOS-DOCS-013,related
AOS-LEGAL-001,AOS-DOCS-001,related
AOS-LEGAL-002,AOS-LEGAL-001,related
AOS-LEGAL-003,AOS-LEGAL-001,related
AOS-LEGAL-004,AOS-LEGAL-003,related
AOS-LEGAL-004,AOS-DOCS-004,related
AOS-LEGAL-005,AOS-LEGAL-001,related
AOS-LEGAL-005,AOS-LEGAL-004,related
AOS-LEGAL-006,AOS-LEGAL-005,related
AOS-LEGAL-006,AOS-OPEN-003,related
AOS-LEGAL-007,AOS-LEGAL-006,related
AOS-LEGAL-007,AOS-P9-001,related
AOS-LEGAL-008,AOS-LEGAL-001,blocked_by
AOS-LEGAL-008,AOS-SEC-050,related
AOS-LEGAL-009,AOS-LEGAL-001,blocked_by
AOS-LEGAL-009,AOS-COMM-030,related
AOS-LEGAL-010,AOS-LEGAL-001,blocked_by
AOS-LEGAL-010,AOS-CELL-001,blocked_by
AOS-LEGAL-010,AOS-ODM-011,related
AOS-LEGAL-011,AOS-LEGAL-001,blocked_by
AOS-LEGAL-011,AOS-LEGAL-004,related
AOS-LEGAL-012,AOS-LEGAL-003,blocked_by
AOS-LEGAL-012,AOS-LEGAL-004,blocked_by
AOS-LEGAL-012,AOS-SEC-060,related
AOS-LEGAL-013,AOS-LEGAL-010,blocked_by
AOS-LEGAL-013,AOS-CELL-002,blocked_by
AOS-LEGAL-013,AOS-ODM-021,related
AOS-LEGAL-014,AOS-LEGAL-011,blocked_by
AOS-LEGAL-014,AOS-LEGAL-010,blocked_by
AOS-LEGAL-014,AOS-ODM-060,related
AOS-COMM-001,AOS-LEGAL-001,related
AOS-COMM-001,AOS-DOCS-012,related
AOS-COMM-002,AOS-COMM-001,related
AOS-COMM-002,AOS-LEGAL-001,related
AOS-COMM-003,AOS-COMM-001,related
AOS-COMM-003,AOS-LEGAL-003,related
AOS-COMM-003,AOS-LEGAL-005,related
AOS-COMM-003,AOS-DOCS-011,related
AOS-COMM-004,AOS-DOCS-012,related
AOS-COMM-004,AOS-COMM-001,related
AOS-COMM-010,AOS-DOCS-011,blocked_by
AOS-COMM-010,AOS-COMM-003,related
AOS-COMM-010,AOS-LEGAL-002,related
AOS-COMM-011,AOS-COMM-003,blocked_by
AOS-COMM-011,AOS-DOCS-006,blocked_by
AOS-COMM-011,AOS-PLAT-090,related
AOS-COMM-020,AOS-DOCS-010,blocked_by
AOS-COMM-020,AOS-OPEN-001,blocked_by
AOS-COMM-020,AOS-LEGAL-011,related
AOS-COMM-021,AOS-CORE-032,related
AOS-COMM-021,AOS-SEC-010,related
AOS-COMM-021,AOS-COMM-020,related
AOS-COMM-030,AOS-COMM-001,blocked_by
AOS-COMM-030,AOS-DOCS-009,blocked_by
AOS-COMM-030,AOS-LEGAL-009,related
AOS-COMM-031,AOS-COMM-001,blocked_by
AOS-COMM-031,AOS-LEGAL-001,blocked_by
AOS-COMM-040,AOS-COMM-011,blocked_by
AOS-COMM-040,AOS-COMM-031,blocked_by
AOS-COMM-040,AOS-LEGAL-009,blocked_by
AOS-COMM-040,AOS-SEC-090,related
AOS-COMM-050,AOS-OPEN-001,blocked_by
AOS-COMM-050,AOS-COMM-001,blocked_by
AOS-COMM-050,AOS-PLAT-080,related
AOS-COMM-060,AOS-OPEN-060,blocked_by
AOS-COMM-060,AOS-COMM-050,blocked_by
AOS-COMM-060,AOS-PLAT-090,blocked_by
AOS-COMM-060,AOS-COMM-010,blocked_by
AOS-COMM-070,AOS-PROD-070,blocked_by
AOS-COMM-070,AOS-COMM-003,blocked_by
AOS-COMM-070,AOS-PROD-071,related
AOS-COMM-080,AOS-LEGAL-001,blocked_by
AOS-COMM-080,AOS-SEC-090,related
AOS-COMM-080,AOS-COMM-010,related
AOS-COMM-090,AOS-LEGAL-002,blocked_by
AOS-COMM-090,AOS-COMM-003,blocked_by
AOS-COMM-090,AOS-COMM-004,blocked_by
AOS-COMM-090,AOS-CORE-010,blocked_by
AOS-COMM-090,AOS-COMM-010,related
AOS-COMM-090,AOS-COMM-080,related
AOS-ODM-010,AOS-PLAT-020,blocked_by
AOS-ODM-010,AOS-SEC-022,blocked_by
AOS-ODM-010,AOS-PLAT-060,blocked_by
AOS-ODM-010,AOS-LEGAL-004,blocked_by
AOS-ODM-011,AOS-LEGAL-010,blocked_by
AOS-ODM-012,AOS-CELL-002,blocked_by
AOS-ODM-012,AOS-ODM-011,related
AOS-ODM-012,AOS-CAM-070,related
AOS-ODM-020,AOS-ODM-011,blocked_by
AOS-ODM-020,AOS-CELL-002,blocked_by
AOS-ODM-020,AOS-CAM-070,related
AOS-ODM-021,AOS-ODM-020,blocked_by
AOS-ODM-021,AOS-OPEN-030,blocked_by
AOS-ODM-021,AOS-PLAT-041,blocked_by
AOS-ODM-021,AOS-CAM-060,blocked_by
AOS-ODM-021,AOS-CELL-030,blocked_by
AOS-ODM-022,AOS-ODM-011,blocked_by
AOS-ODM-022,AOS-PLAT-041,blocked_by
AOS-ODM-022,AOS-LEGAL-010,blocked_by
AOS-ODM-022,AOS-ODM-021,related
AOS-ODM-023,AOS-CAM-080,blocked_by
AOS-ODM-023,AOS-ODM-021,blocked_by
AOS-ODM-023,AOS-ODM-010,blocked_by
AOS-ODM-024,AOS-CELL-080,blocked_by
AOS-ODM-024,AOS-ODM-021,blocked_by
AOS-ODM-024,AOS-LEGAL-013,blocked_by
AOS-ODM-025,AOS-ODM-010,blocked_by
AOS-ODM-025,AOS-SEC-022,blocked_by
AOS-ODM-025,AOS-SEC-030,blocked_by
AOS-ODM-025,AOS-SEC-031,blocked_by
AOS-ODM-025,AOS-ODM-010,related
AOS-ODM-026,AOS-ODM-010,blocked_by
AOS-ODM-026,AOS-PLAT-080,blocked_by
AOS-ODM-026,AOS-PLAT-060,blocked_by
AOS-ODM-026,AOS-ODM-010,related
AOS-ODM-026,AOS-ODM-021,related
AOS-ODM-030,AOS-ODM-012,blocked_by
AOS-ODM-030,AOS-ODM-021,blocked_by
AOS-ODM-030,AOS-ODM-022,blocked_by
AOS-ODM-030,AOS-ODM-025,blocked_by
AOS-ODM-030,AOS-ODM-026,blocked_by
AOS-ODM-030,AOS-ODM-023,related
AOS-ODM-030,AOS-ODM-024,related
AOS-ODM-040,AOS-ODM-026,blocked_by
AOS-ODM-040,AOS-ODM-030,related
AOS-ODM-041,AOS-ODM-030,blocked_by
AOS-ODM-041,AOS-LEGAL-013,blocked_by
AOS-ODM-041,AOS-ODM-040,related
AOS-ODM-050,AOS-LEGAL-013,blocked_by
AOS-ODM-050,AOS-ODM-022,blocked_by
AOS-ODM-050,AOS-ODM-024,blocked_by
AOS-ODM-050,AOS-ODM-041,related
AOS-ODM-060,AOS-ODM-011,blocked_by
AOS-ODM-060,AOS-ODM-012,blocked_by
AOS-ODM-060,AOS-ODM-030,blocked_by
AOS-ODM-060,AOS-LEGAL-010,blocked_by
AOS-ODM-060,AOS-LEGAL-014,related
AOS-ODM-061,AOS-ODM-060,related
AOS-ODM-061,AOS-LEGAL-014,related
AOS-ODM-070,AOS-LEGAL-014,blocked_by
AOS-ODM-070,AOS-SEC-061,blocked_by
AOS-ODM-070,AOS-LEGAL-014,related
AOS-ODM-070,AOS-ODM-061,related
AOS-ODM-080,AOS-ODM-012,blocked_by
AOS-ODM-080,AOS-ODM-050,blocked_by
AOS-ODM-080,AOS-ODM-061,blocked_by
AOS-ODM-080,AOS-ODM-070,related
AOS-ODM-090,AOS-ODM-080,blocked_by
AOS-ODM-090,AOS-PROD-110,blocked_by
AOS-ODM-090,AOS-CAM-080,blocked_by
AOS-ODM-090,AOS-CELL-080,blocked_by
AOS-ODM-090,AOS-SEC-100,related
